Workbook
Name Slicer_Category: #N/A
Name Slicer_Product: #N/A

Sheet Sales_by_Product
A3: Row Labels | B3: Sum of Sales_Amount
A4: Hyderabad | B4: 182000
A5: Karimnagar | B5: 112500
A6: Warangal | B6: 62500
A7: (blank)
A8: Grand Total | B8: 357000

Sheet Sales_by_Region
A1: Row Labels | B1: Sum of Sales_Amount
A2: Hyderabad | B2: 182000
A3: Karimnagar | B3: 112500
A4: Warangal | B4: 62500
A5: (blank)
A6: Grand Total | B6: 357000

Sheet Profit_by_Product
A3: Row Labels | B3: Sum of Sales_Amount
A4: Keyboard | B4: 19500
A5: Laptop | B5: 240000
A6: Monitor | B6: 84000
A7: Mouse | B7: 13500
A8: (blank)
A9: Grand Total | B9: 357000

Sheet Dash board
A1: RETAIL SALES & PROFIT ANALYSIS
A3: Total Sales | C3: Total Profit | E3: Total Orders | G3: Total Quantity | I3: Profit Margin
A4: =Analysis!B2 -> 357000 | C4: =Analysis!B3 -> 41100 | E4: =Analysis!B4 -> 15 | G4: =Analysis!B5 -> 53 | I4: =Analysis!B6 -> 0.11512605
A34: KEY BUSINESS INSIGHTS
A35: 🏆 Top-selling product: Laptop — ₹2,40,000 in sales.
A37: 💰 Highest-profit product: Laptop — ₹24,000 in profit.
A39: 📍 Best-performing region: Hyderabad — ₹1,73,000 in sales.
A41: 📅 Best-performing month: March — ₹1,43,000 in sales.
A43: 📈 Overall profit margin: 11.51% (approximately 12%).

Sheet Analysis
A1: Metric | B1: Value
A2: Total Sales | B2: =SUM(Raw_Data!G2:G16) -> 357000
A3: Total Profit | B3: =SUM(Raw_Data!H2:H16) -> 41100
A4: Total Orders | B4: =COUNTA(Raw_Data!A2:A16) -> 15
A5: Total Quantity | B5: =SUM(Raw_Data!F2:F16) -> 53
A6: Profit Margin | B6: =IFERROR(B3/B2,0) -> 0.11512605
B8: =SUMIFS(Raw_Data!G2:G16,Raw_Data!B2:B16,">="&DATE(2026,1,1),Raw_Data!B2:B16,"<"&DATE(2026,2,1)) -> 139000
B9: =SUMIFS(Raw_Data!G2:G16,Raw_Data!B2:B16,">="&DATE(2026,2,1),Raw_Data!B2:B16,"<"&DATE(2026,3,1)) -> 75000
B10: =SUMIFS(Raw_Data!G2:G16,Raw_Data!B2:B16,">="&DATE(2026,3,1),Raw_Data!B2:B16,"<"&DATE(2026,4,1)) -> 143000

Sheet Sheet1
A3: Row Labels | B3: Sum of Sales_Amount
A4: <05-01-2026
A5: Jan | B5: 139000
A6: Feb | B6: 75000
A7: Mar | B7: 143000
A8: Grand Total | B8: 357000

Sheet Sheet7
A3: Row Labels | B3: Sum of Sales_Amount
A4: Accessories | B4: 33000
A5: Electronics | B5: 324000
A6: (blank)
A7: Grand Total | B7: 357000

Sheet Raw_Data
A1: Order_ID | B1: Order_Date | C1: Product | D1: Category | E1: Region | F1: Quantity | G1: Sales_Amount | H1: Profit | I1: Profit_Margin | J1: Profit Status
A2: 1001 | B2: 46027 | C2: Laptop | D2: Electronics | E2: Hyderabad | F2: 2 | G2: 80000 | H2: 8000 | I2: =IFERROR(H2/G2,0) -> 0.1 | J2: =IF(H2>=3000,"High Profit","Low Profit") -> High Profit
A3: 1002 | B3: 46028 | C3: Mouse | D3: Accessories | E3: Warangal | F3: 5 | G3: 2500 | H3: 500 | I3: =IFERROR(H3/G3,0) -> 0.2 | J3: =IF(H3>=3000,"High Profit","Low Profit") -> Low Profit
A4: 1003 | B4: 46029 | C4: Monitor | D4: Electronics | E4: Hyderabad | F4: 1 | G4: 12000 | H4: 1500 | I4: =IFERROR(H4/G4,0) -> 0.125 | J4: =IF(H4>=3000,"High Profit","Low Profit") -> Low Profit
A5: 1004 | B5: 46030 | C5: Keyboard | D5: Accessories | E5: Karimnagar | F5: 3 | G5: 4500 | H5: 900 | I5: =IFERROR(H5/G5,0) -> 0.2 | J5: =IF(H5>=3000,"High Profit","Low Profit") -> Low Profit
A6: 1005 | B6: 46032 | C6: Laptop | D6: Electronics | E6: Warangal | F6: 1 | G6: 40000 | H6: 4000 | I6: =IFERROR(H6/G6,0) -> 0.1 | J6: =IF(H6>=3000,"High Profit","Low Profit") -> High Profit
A7: 1006 | B7: 46055 | C7: Mouse | D7: Accessories | E7: Hyderabad | F7: 10 | G7: 5000 | H7: 1000 | I7: =IFERROR(H7/G7,0) -> 0.2 | J7: =IF(H7>=3000,"High Profit","Low Profit") -> Low Profit
A8: 1007 | B8: 46058 | C8: Monitor | D8: Electronics | E8: Karimnagar | F8: 2 | G8: 24000 | H8: 3000 | I8: =IFERROR(H8/G8,0) -> 0.125 | J8: =IF(H8>=3000,"High Profit","Low Profit") -> High Profit
A9: 1008 | B9: 46064 | C9: Keyboard | D9: Accessories | E9: Warangal | F9: 4 | G9: 6000 | H9: 1200 | I9: =IFERROR(H9/G9,0) -> 0.2 | J9: =IF(H9>=3000,"High Profit","Low Profit") -> Low Profit
A10: 1009 | B10: 46068 | C10: Laptop | D10: Electronics | E10: Hyderabad | F10: 1 | G10: 40000 | H10: 4000 | I10: =IFERROR(H10/G10,0) -> 0.1 | J10: =IF(H10>=3000,"High Profit","Low Profit") -> High Profit
A11: 1010 | B11: 46082 | C11: Mouse | D11: Accessories | E11: Karimnagar | F11: 8 | G11: 4000 | H11: 800 | I11: =IFERROR(H11/G11,0) -> 0.2 | J11: =IF(H11>=3000,"High Profit","Low Profit") -> Low Profit
A12: 1011 | B12: 46085 | C12: Monitor | D12: Electronics | E12: Warangal | F12: 1 | G12: 12000 | H12: 1500 | I12: =IFERROR(H12/G12,0) -> 0.125 | J12: =IF(H12>=3000,"High Profit","Low Profit") -> Low Profit
A13: 1012 | B13: 46089 | C13: Keyboard | D13: Accessories | E13: Hyderabad | F13: 6 | G13: 9000 | H13: 1800 | I13: =IFERROR(H13/G13,0) -> 0.2 | J13: =IF(H13>=3000,"High Profit","Low Profit") -> Low Profit
... A16: 1015 | B16: 46101 | C16: Monitor | D16: Electronics | E16: Hyderabad | F16: 3 | G16: 36000 | H16: 4500 | I16: =IFERROR(H16/G16,0) -> 0.125 | J16: =IF(H16>=3000,"High Profit","Low Profit") -> High Profit
A17: Profit_Margin
A18: =H2/G2 -> 0.1
A19: =H3/G3 -> 0.2
A20: =H4/G4 -> 0.125
A21: =H5/G5 -> 0.2
A22: =H6/G6 -> 0.1
A23: =H7/G7 -> 0.2
A24: =H8/G8 -> 0.125
A25: =H9/G9 -> 0.2
A26: =H10/G10 -> 0.1
A27: =H11/G11 -> 0.2
A28: =H12/G12 -> 0.125
A29: =H13/G13 -> 0.2
... A32: =H16/G16 -> 0.125
